//SERVER_TCP_PORT=502,,,,,,,,,,,,,,,,,,,,,,
//SERVER_IP_TYPE=IPv4,,,,,,,,,,,,,,,,,,,,,,
//SERVER_TCP_ENABLE=ENABLE,,,,,,,,,,,,,,,,,,,,,,
//SERVER_AUTOSTART=DISABLE,,,,,,,,,,,,,,,,,,,,,,
//SERVER_ALLOW_ALL_IDS_MODE=DISABLE,,,,,,,,,,,,,,,,,,,,,,
//SERVER_TCP_PROTOCOL=Default,,,,,,,,,,,,,,,,,,,,,,
//SERVER_TCP_INTERFACE=TCP,,,,,,,,,,,,,,,,,,,,,,
//SERVER_RTU_PROTOCOL=Default,,,,,,,,,,,,,,,,,,,,,,
//MASTER_TCP_IP=192.168.100.1,,,,,,,,,,,,,,,,,,,,,,
//MASTER_TCP_PORT=502,,,,,,,,,,,,,,,,,,,,,,
//MASTER_INTERFACE=TCP,,,,,,,,,,,,,,,,,,,,,,
//MASTER_PROTOCOL=Default,,,,,,,,,,,,,,,,,,,,,,
"//MASTER_WRITE_ENABLE=""AUTO",5,"06""",,,,,,,,,,,,,,,,,,,,
//MASTER_AUTOSTART=ENABLE,,,,,,,,,,,,,,,,,,,,,,
//MASTER_SCAN_RATE=1000,,,,,,,,,,,,,,,,,,,,,,
//MASTER_TCP_CONN_TIMEOUT=8000,,,,,,,,,,,,,,,,,,,,,,
//MASTER_INTRA_FRAME_DELAY=20,,,,,,,,,,,,,,,,,,,,,,
//MASTER_RESPONSE_TIMEOUT=1000,,,,,,,,,,,,,,,,,,,,,,
//MASTER_RETRIES=3,,,,,,,,,,,,,,,,,,,,,,
//THINGSPEAK_INTERVAL=30000,,,,,,,,,,,,,,,,,,,,,,
//THINGSPEAK_ENBLE=DISABLE,,,,,,,,,,,,,,,,,,,,,,
//CLEAR_VALUE=DISABLE,,,,,,,,,,,,,,,,,,,,,,
//ONE_BASED_ADDRESSES=ENABLE,,,,,,,,,,,,,,,,,,,,,,
//CURRENT_FILE=C:\Users\Mike West\Documents\Testing\Advance - 2 Compressor Chiller.csv,,,,,,,,,,,,,,,,,,,,,,
//LOG_AUTOSTART=ENABLE,,,,,,,,,,,,,,,,,,,,,,
//LOG_LIMITS_BREACH=DISABLE,,,,,,,,,,,,,,,,,,,,,,
//LOG_AUTOSAVE=DISABLE,,,,,,,,,,,,,,,,,,,,,,
//APP_VERSION=5.1.1.0,,,,,,,,,,,,,,,,,,,,,,
//DECIMAL_PLACES=1,,,,,,,,,,,,,,,,,,,,,,
//CHART_X_AXIS_SAMPLES=100,,,,,,,,,,,,,,,,,,,,,,
//CHART_Y0_USE_AUTOSCALE=ENABLE,,,,,,,,,,,,,,,,,,,,,,
//CHART_Y0_MIN=0,,,,,,,,,,,,,,,,,,,,,,
//CHART_Y0_MAX=100,,,,,,,,,,,,,,,,,,,,,,
//CHART_Y1_USE_AUTOSCALE=ENABLE,,,,,,,,,,,,,,,,,,,,,,
//CHART_Y1_MIN=0,,,,,,,,,,,,,,,,,,,,,,
//CHART_Y1_MAX=100,,,,,,,,,,,,,,,,,,,,,,
RegName,RegAddress,RegUnitID,RegGain,RegOffset,RegType,RegByteSwap,RegValue,RegWriteValueGrid,RegValueMaster,RegWriteValueSlave,ImageUrl,TestOn,NominalColor,LowLimit,LowLimitColor,HighLimit,HighLimitColor,ChartOn,ExportToFile,ChartAxis,LimitStatus,CustomCommand
SI - Input Message,400001,1,1,0,INT16,ABCD_BE,1737,,1737,201,,FALSE,#00FF00,-100,#0000FF,100,#FF0000,FALSE,FALSE,0,,
SI - Alarm/Run Signal.0,400002,1,1,0,BIT,ABCD_BE,0,,0,,,FALSE,#00FF00,-100,#0000FF,100,#FF0000,FALSE,FALSE,0,,
SI - LIQ valve2/Bypass/T.Normal valve/Run.1,400002,1,1,0,BIT,ABCD_BE,1,,1,,,FALSE,#00FF00,-100,#0000FF,100,#FF0000,FALSE,FALSE,0,,
SI - LIQ valve1/Elec heat/Four-valve/Bypass.2,400002,1,1,0,BIT,ABCD_BE,0,,0,0,,FALSE,#00FF00,-100,#0000FF,100,#FF0000,FALSE,FALSE,0,,
SI - 2#Comp.3,400002,1,1,0,BIT,ABCD_BE,1,,1,,,FALSE,#00FF00,-100,#0000FF,100,#FF0000,FALSE,FALSE,0,,
SI - 1#Comp.4,400002,1,1,0,BIT,ABCD_BE,1,,1,,,FALSE,#00FF00,-100,#0000FF,100,#FF0000,FALSE,FALSE,0,,
SI - Cool Pump/Natural Cooling Valve.5,400002,1,1,0,BIT,ABCD_BE,1,,1,,,FALSE,#00FF00,-100,#0000FF,100,#FF0000,FALSE,FALSE,0,,
SI - Cold Pump.6,400002,1,1,0,BIT,ABCD_BE,1,,1,,,FALSE,#00FF00,-100,#0000FF,100,#FF0000,FALSE,FALSE,0,,
SI - I/O Board Relay 1.7,400002,1,1,0,BIT,ABCD_BE,0,,0,,,FALSE,#00FF00,-100,#0000FF,100,#FF0000,FALSE,FALSE,0,,
SI - I/O Board Relay 2.8,400002,1,1,0,BIT,ABCD_BE,0,,0,,,FALSE,#00FF00,-100,#0000FF,100,#FF0000,FALSE,FALSE,0,,
SI - I/O Board Relay 3.9,400002,1,1,0,BIT,ABCD_BE,0,,0,,,FALSE,#00FF00,-100,#0000FF,100,#FF0000,FALSE,FALSE,0,,
SI - I/O Board Relay 4.10,400002,1,1,0,BIT,ABCD_BE,0,,0,,,FALSE,#00FF00,-100,#0000FF,100,#FF0000,FALSE,FALSE,0,,
SI - I/O Board Relay 5.11,400002,1,1,0,BIT,ABCD_BE,0,,0,,,FALSE,#00FF00,-100,#0000FF,100,#FF0000,FALSE,FALSE,0,,
SI - I/O Board Relay 6.12,400002,1,1,0,BIT,ABCD_BE,0,,0,,,FALSE,#00FF00,-100,#0000FF,100,#FF0000,FALSE,FALSE,0,,
SI - I/O Board Relay 7.13,400002,1,1,0,BIT,ABCD_BE,0,,0,,,FALSE,#00FF00,-100,#0000FF,100,#FF0000,FALSE,FALSE,0,,
SI - Water Outlet,400003,1,0.100000001,0,INT16,ABCD_BE,12.6,,12.6,,,FALSE,#00FF00,-100,#0000FF,100,#FF0000,TRUE,FALSE,0,,
SI - Evap Outlet Temp,400004,1,0.100000001,0,INT16,ABCD_BE,-3270.1,,-3270.1,,,FALSE,#00FF00,-100,#0000FF,100,#FF0000,FALSE,FALSE,0,,
SI - 1#Fan Current,400005,1,0.100000001,0,INT16,ABCD_BE,1,,1,,,FALSE,#00FF00,-100,#0000FF,100,#FF0000,FALSE,FALSE,0,,
SI - 2#Comp Current,400006,1,0.100000001,0,INT16,ABCD_BE,18.2,,18.2,,,FALSE,#00FF00,-100,#0000FF,100,#FF0000,FALSE,FALSE,0,,
SI - Pump Current,400007,1,0.100000001,0,INT16,ABCD_BE,6.2,,6.2,,,FALSE,#00FF00,-100,#0000FF,100,#FF0000,FALSE,FALSE,0,,
SI - 1#Comp Current,400008,1,0.100000001,0,INT16,ABCD_BE,16.9,,16.9,,,FALSE,#00FF00,-100,#0000FF,100,#FF0000,FALSE,FALSE,0,,
SI - Phase State,400009,1,1,0,INT16,ABCD_BE,2,,2,,,FALSE,#00FF00,-100,#0000FF,100,#FF0000,FALSE,FALSE,0,,
SI - Run Time Comp1 (Hour),400010,1,1,0,INT16,ABCD_BE,0,,0,,,FALSE,#00FF00,-100,#0000FF,100,#FF0000,FALSE,FALSE,0,,
SI - Run Time Comp1 (Min),400011,1,1,0,INT16,ABCD_BE,50,,50,,,FALSE,#00FF00,-100,#0000FF,100,#FF0000,FALSE,FALSE,0,,
SI - Run Time Comp2 (Hour),400012,1,1,0,INT16,ABCD_BE,0,,0,,,FALSE,#00FF00,-100,#0000FF,100,#FF0000,FALSE,FALSE,0,,
SI - Run Time Comp2 (Min),400013,1,1,0,INT16,ABCD_BE,49,,49,,,FALSE,#00FF00,-100,#0000FF,100,#FF0000,FALSE,FALSE,0,,
SI - Run Time Pump (Hour),400014,1,1,0,INT16,ABCD_BE,1,,1,,,FALSE,#00FF00,-100,#0000FF,100,#FF0000,FALSE,FALSE,0,,
SI - Run Time Pump (Min),400015,1,1,0,INT16,ABCD_BE,37,,37,,,FALSE,#00FF00,-100,#0000FF,100,#FF0000,FALSE,FALSE,0,,
SI - Alarm Message1,400016,1,1,0,BIT,ABCD_BE,0,,0,,,FALSE,#00FF00,-100,#0000FF,100,#FF0000,FALSE,FALSE,0,,
SI - Alarm Message 2,400017,1,1,0,BIT,ABCD_BE,0,,0,,,FALSE,#00FF00,-100,#0000FF,100,#FF0000,FALSE,FALSE,0,,
SI - Alarm Message 3,400018,1,1,0,BIT,ABCD_BE,0,,0,,,FALSE,#00FF00,-100,#0000FF,100,#FF0000,FALSE,FALSE,0,,
SI - Alarm Message 4,400019,1,1,0,BIT,ABCD_BE,0,,0,,,FALSE,#00FF00,-100,#0000FF,100,#FF0000,FALSE,FALSE,0,,
SI - Alarm Message 5,400020,1,1,0,BIT,ABCD_BE,0,,0,,,FALSE,#00FF00,-100,#0000FF,100,#FF0000,FALSE,FALSE,0,,
SI - Alarm Message 6,400021,1,1,0,BIT,ABCD_BE,0,,0,,,FALSE,#00FF00,-100,#0000FF,100,#FF0000,FALSE,FALSE,0,,
SI - Alarm Message 7,400022,1,1,0,BIT,ABCD_BE,0,,0,,,FALSE,#00FF00,-100,#0000FF,100,#FF0000,FALSE,FALSE,0,,
SI - Run Time Comp3 (Hour),400023,1,1,0,INT16,ABCD_BE,0,,0,,,FALSE,#00FF00,-100,#0000FF,100,#FF0000,FALSE,FALSE,0,,
SI - Run Time Comp3 (Min),400024,1,1,0,INT16,ABCD_BE,0,,0,,,FALSE,#00FF00,-100,#0000FF,100,#FF0000,FALSE,FALSE,0,,
SI - Run Time Comp4 (Hour),400025,1,1,0,INT16,ABCD_BE,0,,0,,,FALSE,#00FF00,-100,#0000FF,100,#FF0000,FALSE,FALSE,0,,
SI - Run Time Comp4 (Min),400026,1,1,0,INT16,ABCD_BE,0,,0,,,FALSE,#00FF00,-100,#0000FF,100,#FF0000,FALSE,FALSE,0,,
SI - Flow 1 (Cold/Outlet/Low),400028,1,1,0,INT16,ABCD_BE,0,,0,,,FALSE,#00FF00,-100,#0000FF,100,#FF0000,FALSE,FALSE,0,,
SI - Flow 2 (Cool/Inlet/Nor),400029,1,1,0,INT16,ABCD_BE,0,,0,,,FALSE,#00FF00,-100,#0000FF,100,#FF0000,FALSE,FALSE,0,,
SI - 1# Suction Pressure,400033,1,0.100000001,0,INT16,ABCD_BE,8.7,,8.7,,,FALSE,#00FF00,-100,#0000FF,100,#FF0000,FALSE,FALSE,2,,
SI - 2# Suction Pressure,400034,1,0.100000001,0,INT16,ABCD_BE,8.8,,8.8,,,FALSE,#00FF00,-100,#0000FF,100,#FF0000,FALSE,FALSE,0,,
SI - 1# Suction Temp,400035,1,0.100000001,0,INT16,ABCD_BE,15.3,,15.3,,,FALSE,#00FF00,-100,#0000FF,100,#FF0000,FALSE,FALSE,0,,
SI - 1# Evap Temp,400036,1,0.100000001,0,INT16,ABCD_BE,5.6,,5.6,,,FALSE,#00FF00,-100,#0000FF,100,#FF0000,FALSE,FALSE,0,,
SI - 2# Suction Temp,400037,1,0.100000001,0,INT16,ABCD_BE,15,,15,,,FALSE,#00FF00,-100,#0000FF,100,#FF0000,FALSE,FALSE,0,,
SI - 2# Evap Temp,400038,1,0.100000001,0,INT16,ABCD_BE,6,,6,,,FALSE,#00FF00,-100,#0000FF,100,#FF0000,FALSE,FALSE,0,,
SI - Unit active status,400039,1,1,0,INT16,ABCD_BE,2,,2,,,FALSE,#00FF00,-100,#0000FF,100,#FF0000,FALSE,FALSE,0,,
SI - 1# Discharge Pressure,400040,1,0.100000001,0,INT16,ABCD_BE,24.4,,24.4,,,FALSE,#00FF00,-100,#0000FF,100,#FF0000,TRUE,FALSE,2,,
SI - 2# Discharge Pressure,400041,1,0.100000001,0,INT16,ABCD_BE,24.3,,24.3,,,FALSE,#00FF00,-100,#0000FF,100,#FF0000,FALSE,FALSE,0,,
SI - Fan Output (V),400048,1,0.01,0,INT16,ABCD_BE,10,,10,,,FALSE,#00FF00,-100,#0000FF,100,#FF0000,FALSE,FALSE,0,,
SI - IO board switch,400056,1,1,0,INT16,ABCD_BE,0,,0,,,FALSE,#00FF00,-100,#0000FF,100,#FF0000,FALSE,FALSE,0,,
SI - IO board temp 1,400057,1,1,0,INT16,ABCD_BE,0,,0,,,FALSE,#00FF00,-100,#0000FF,100,#FF0000,FALSE,FALSE,0,,
SI - IO board temp 2,400058,1,1,0,INT16,ABCD_BE,0,,0,,,FALSE,#00FF00,-100,#0000FF,100,#FF0000,FALSE,FALSE,0,,
SI - IO board temp 3,400059,1,1,0,INT16,ABCD_BE,0,,0,,,FALSE,#00FF00,-100,#0000FF,100,#FF0000,FALSE,FALSE,0,,
SI - IO board temp 4,400060,1,1,0,INT16,ABCD_BE,0,,0,,,FALSE,#00FF00,-100,#0000FF,100,#FF0000,FALSE,FALSE,0,,
SI - IO board temp 5,400061,1,1,0,INT16,ABCD_BE,0,,0,,,FALSE,#00FF00,-100,#0000FF,100,#FF0000,FALSE,FALSE,0,,
SI - IO board temp 6,400062,1,1,0,INT16,ABCD_BE,0,,0,,,FALSE,#00FF00,-100,#0000FF,100,#FF0000,FALSE,FALSE,0,,
SI - Pressure 4 IO board mA2,400065,1,1,0,INT16,ABCD_BE,0,,0,,,FALSE,#00FF00,-100,#0000FF,100,#FF0000,FALSE,FALSE,0,,
SI - Valve 4 Target Superheat Degree,400077,1,1,0,INT16,ABCD_BE,100,,100,,,FALSE,#00FF00,-100,#0000FF,100,#FF0000,FALSE,FALSE,0,,
SI - Valve 3 Target Superheat Degree,400074,1,1,0,INT16,ABCD_BE,100,,100,,,FALSE,#00FF00,-100,#0000FF,100,#FF0000,FALSE,FALSE,0,,
SI - Valve 2 Target Superheat Degree,400071,1,1,0,INT16,ABCD_BE,0,,0,,,FALSE,#00FF00,-100,#0000FF,100,#FF0000,FALSE,FALSE,0,,
SI - Valve 4 Current Superheat Degree,400076,1,1,0,INT16,ABCD_BE,100,,100,,,FALSE,#00FF00,-100,#0000FF,100,#FF0000,FALSE,FALSE,0,,
SI - Valve 3 Current Superheat Degree,400073,1,1,0,INT16,ABCD_BE,100,,100,,,FALSE,#00FF00,-100,#0000FF,100,#FF0000,FALSE,FALSE,0,,
SI - Valve 2 Current Superheat Degree,400070,1,1,0,INT16,ABCD_BE,0,,0,,,FALSE,#00FF00,-100,#0000FF,100,#FF0000,FALSE,FALSE,0,,
SI - Valve 4 Opening,400078,1,1,0,INT16,ABCD_BE,100,,100,,,FALSE,#00FF00,-100,#0000FF,100,#FF0000,FALSE,FALSE,0,,
SI - Valve 3 Opening,400075,1,1,0,INT16,ABCD_BE,100,,100,,,FALSE,#00FF00,-100,#0000FF,100,#FF0000,FALSE,FALSE,0,,
SI - Valve 2 Opening,400072,1,1,0,INT16,ABCD_BE,100,,100,,,FALSE,#00FF00,-100,#0000FF,100,#FF0000,FALSE,FALSE,0,,
SI - Alarm Message 9,400066,1,1,0,INT16,ABCD_BE,0,,0,,,FALSE,#00FF00,-100,#0000FF,100,#FF0000,FALSE,FALSE,0,,
SI - Valve 1 Current Superheat Degree,400067,1,1,0,INT16,ABCD_BE,0,,0,,,FALSE,#00FF00,-100,#0000FF,100,#FF0000,FALSE,FALSE,0,,
SI - Valve 1 Target Superheat Degree,400068,1,1,0,INT16,ABCD_BE,0,,0,,,FALSE,#00FF00,-100,#0000FF,100,#FF0000,FALSE,FALSE,0,,
SI - Valve 1 Opening,400069,1,1,0,INT16,ABCD_BE,0,,0,,,FALSE,#00FF00,-100,#0000FF,100,#FF0000,FALSE,FALSE,0,,
SI - Pressure 3 IO board mA1,400064,1,1,0,INT16,ABCD_BE,0,,0,,,FALSE,#00FF00,-100,#0000FF,100,#FF0000,FALSE,FALSE,0,,
SI - Alarm Message 8,400063,1,1,0,BIT,ABCD_BE,0,,0,,,FALSE,#00FF00,-100,#0000FF,100,#FF0000,FALSE,FALSE,0,,
Up - Lock Temperature,400201,1,1,0,INT16,ABCD_BE,0,,0,,,FALSE,#00FF00,-100,#0000FF,100,#FF0000,FALSE,FALSE,0,,
Up - Target Temperture,400202,1,0.100000001,0,INT16,ABCD_BE,12,,12,12,,FALSE,#00FF00,-100,#0000FF,100,#FF0000,FALSE,FALSE,0,,
Up - Normal Temp. Set,400203,1,0.100000001,0,INT16,ABCD_BE,25,,25,,,FALSE,#00FF00,-100,#0000FF,100,#FF0000,FALSE,FALSE,0,,
Up - Temperature Control,400204,1,1,0,INT16,ABCD_BE,0,,0,,,FALSE,#00FF00,-100,#0000FF,100,#FF0000,FALSE,FALSE,0,,
Up - Remote Select,400205,1,1,0,INT16,ABCD_BE,2,,2,,,FALSE,#00FF00,-100,#0000FF,100,#FF0000,FALSE,FALSE,0,,
Up - Compressor Select,400206,1,1,0,INT16,ABCD_BE,2,,2,,,FALSE,#00FF00,-100,#0000FF,100,#FF0000,FALSE,FALSE,0,,
Up - Normal Temp. Diff,400207,1,1,0,INT16,ABCD_BE,5,,5,,,FALSE,#00FF00,-100,#0000FF,100,#FF0000,FALSE,FALSE,0,,
Up - Screen Save,400208,1,1,0,INT16,ABCD_BE,0,,0,,,FALSE,#00FF00,-100,#0000FF,100,#FF0000,FALSE,FALSE,0,,
Up - T.Environ Diff,400209,1,1,0,INT16,ABCD_BE,0,,0,,,FALSE,#00FF00,-100,#0000FF,100,#FF0000,FALSE,FALSE,0,,
Up - Language,400210,1,1,0,INT16,ABCD_BE,1,,1,,,FALSE,#00FF00,-100,#0000FF,100,#FF0000,FALSE,FALSE,0,,
Up - 1#COMP Select,400211,1,1,0,INT16,ABCD_BE,1,,1,,,FALSE,#00FF00,-100,#0000FF,100,#FF0000,FALSE,FALSE,0,,
Up - 2#COMP Select,400212,1,1,0,INT16,ABCD_BE,1,,1,,,FALSE,#00FF00,-100,#0000FF,100,#FF0000,FALSE,FALSE,0,,
Up - 3#COMP Select,400213,1,1,0,INT16,ABCD_BE,1,,1,,,FALSE,#00FF00,-100,#0000FF,100,#FF0000,FALSE,FALSE,0,,
Up - 4#COMP Select,400214,1,1,0,INT16,ABCD_BE,1,,1,,,FALSE,#00FF00,-100,#0000FF,100,#FF0000,FALSE,FALSE,0,,
Up - Temperature Unit,400215,1,1,0,INT16,ABCD_BE,0,,0,,,FALSE,#00FF00,-100,#0000FF,100,#FF0000,FALSE,FALSE,0,,
Up - Target Temperature,400216,1,0.100000001,0,INT16,ABCD_BE,53.6,,53.6,,,FALSE,#00FF00,-100,#0000FF,100,#FF0000,FALSE,FALSE,0,,
Up - T.Normal Set,400217,1,0.100000001,0,INT16,ABCD_BE,77,,77,,,FALSE,#00FF00,-100,#0000FF,100,#FF0000,FALSE,FALSE,0,,
Up - T.Normal Diff,400218,1,1,0,INT16,ABCD_BE,9,,9,,,FALSE,#00FF00,-100,#0000FF,100,#FF0000,FALSE,FALSE,0,,
Up - T.Environ Diff,400219,1,1,0,INT16,ABCD_BE,0,,0,,,FALSE,#00FF00,-100,#0000FF,100,#FF0000,FALSE,FALSE,0,,
Cp - Machine,400301,1,1,0,INT16,ABCD_BE,0,,0,,,FALSE,#00FF00,-100,#0000FF,100,#FF0000,FALSE,FALSE,0,,
Cp - COMP Amount,400302,1,1,0,INT16,ABCD_BE,2,,2,,,FALSE,#00FF00,-100,#0000FF,100,#FF0000,FALSE,FALSE,0,,
Cp - Auto Start,400303,1,1,0,INT16,ABCD_BE,0,,0,,,FALSE,#00FF00,-100,#0000FF,100,#FF0000,FALSE,FALSE,0,,
Cp - Alarm Output,400304,1,1,0,INT16,ABCD_BE,0,,0,,,FALSE,#00FF00,-100,#0000FF,100,#FF0000,FALSE,FALSE,0,,
Cp - Alarm type,400305,1,1,0,INT16,ABCD_BE,0,,0,,,FALSE,#00FF00,-100,#0000FF,100,#FF0000,FALSE,FALSE,0,,
Cp - Low water level,400306,1,1,0,INT16,ABCD_BE,0,,0,,,FALSE,#00FF00,-100,#0000FF,100,#FF0000,FALSE,FALSE,0,,
Cp - Lack of water,400307,1,1,0,INT16,ABCD_BE,0,,0,,,FALSE,#00FF00,-100,#0000FF,100,#FF0000,FALSE,FALSE,0,,
Cp - Current detect,400308,1,1,0,INT16,ABCD_BE,1,,1,,,FALSE,#00FF00,-100,#0000FF,100,#FF0000,FALSE,FALSE,0,,
Cp - Logo Select,400309,1,1,0,INT16,ABCD_BE,3,,3,,,FALSE,#00FF00,-100,#0000FF,100,#FF0000,FALSE,FALSE,0,,
Cp - Start Signal,400310,1,1,0,INT16,ABCD_BE,0,,0,,,FALSE,#00FF00,-100,#0000FF,100,#FF0000,FALSE,FALSE,0,,
Cp - 1#Comp.I rating,400311,1,1,0,INT16,ABCD_BE,220,,220,,,FALSE,#00FF00,-100,#0000FF,100,#FF0000,FALSE,FALSE,0,,
Cp - 2#Comp.I rating,400312,1,1,0,INT16,ABCD_BE,220,,220,,,FALSE,#00FF00,-100,#0000FF,100,#FF0000,FALSE,FALSE,0,,
Cp - Pump.I rating,400313,1,1,0,INT16,ABCD_BE,65,,65,,,FALSE,#00FF00,-100,#0000FF,100,#FF0000,FALSE,FALSE,0,,
Cp - Cool.I rating,400314,1,1,0,INT16,ABCD_BE,0,,0,,,FALSE,#00FF00,-100,#0000FF,100,#FF0000,FALSE,FALSE,0,,
Cp - Baud Rate,400315,1,1,0,INT16,ABCD_BE,0,,0,,,FALSE,#00FF00,-100,#0000FF,100,#FF0000,FALSE,FALSE,0,,
Cp - Slave Address,400316,1,1,0,INT16,ABCD_BE,1,,1,,,FALSE,#00FF00,-100,#0000FF,100,#FF0000,FALSE,FALSE,0,,
Cp - Phase Monitor,400317,1,1,0,INT16,ABCD_BE,1,,1,,,FALSE,#00FF00,-100,#0000FF,100,#FF0000,FALSE,FALSE,0,,
Cp - Heat Type,400318,1,1,0,INT16,ABCD_BE,0,,0,,,FALSE,#00FF00,-100,#0000FF,100,#FF0000,FALSE,FALSE,0,,
Cp - Cooling Type,400319,1,1,0,INT16,ABCD_BE,0,,0,,,FALSE,#00FF00,-100,#0000FF,100,#FF0000,FALSE,FALSE,0,,
Cp - Fan Control,400320,1,1,0,INT16,ABCD_BE,1,,1,,,FALSE,#00FF00,-100,#0000FF,100,#FF0000,FALSE,FALSE,0,,
Cp - Chiller Type,400321,1,1,0,INT16,ABCD_BE,0,,0,,,FALSE,#00FF00,-100,#0000FF,100,#FF0000,FALSE,FALSE,0,,
Cp - DI3 Function,400322,1,1,0,INT16,ABCD_BE,0,,0,,,FALSE,#00FF00,-100,#0000FF,100,#FF0000,FALSE,FALSE,0,,
Cp - DI2 Function,400323,1,1,0,INT16,ABCD_BE,0,,0,,,FALSE,#00FF00,-100,#0000FF,100,#FF0000,FALSE,FALSE,0,,
Cp - Bypass Choice,400324,1,1,0,INT16,ABCD_BE,0,,0,,,FALSE,#00FF00,-100,#0000FF,100,#FF0000,FALSE,FALSE,0,,
Cp - User Password,400325,1,1,0,INT16,ABCD_BE,0,,0,,,FALSE,#00FF00,-100,#0000FF,100,#FF0000,FALSE,FALSE,0,,
Cp - DI1 Function,400326,1,1,0,INT16,ABCD_BE,0,,0,,,FALSE,#00FF00,-100,#0000FF,100,#FF0000,FALSE,FALSE,0,,
Cp - Defrost fan,400327,1,1,0,INT16,ABCD_BE,0,,0,,,FALSE,#00FF00,-100,#0000FF,100,#FF0000,FALSE,FALSE,0,,
Cp - 3#Comp.I rating,400328,1,1,0,INT16,ABCD_BE,0,,0,,,FALSE,#00FF00,-100,#0000FF,100,#FF0000,FALSE,FALSE,0,,
Cp - 4#Comp.I rating,400329,1,1,0,INT16,ABCD_BE,3,,3,,,FALSE,#00FF00,-100,#0000FF,100,#FF0000,FALSE,FALSE,0,,
Cp - Heat Set,400330,1,1,0,INT16,ABCD_BE,3,,3,,,FALSE,#00FF00,-100,#0000FF,100,#FF0000,FALSE,FALSE,0,,
Cp - 1#Vent Use,400332,1,1,0,INT16,ABCD_BE,0,,0,,,FALSE,#00FF00,-100,#0000FF,100,#FF0000,FALSE,FALSE,0,,
Cp - 2#Vent Use,400333,1,1,0,INT16,ABCD_BE,0,,0,,,FALSE,#00FF00,-100,#0000FF,100,#FF0000,FALSE,FALSE,0,,
Cp - 3#Vent Use,400334,1,1,0,INT16,ABCD_BE,0,,0,,,FALSE,#00FF00,-100,#0000FF,100,#FF0000,FALSE,FALSE,0,,
Cp - 4#Vent/Env,400335,1,1,0,INT16,ABCD_BE,0,,0,,,FALSE,#00FF00,-100,#0000FF,100,#FF0000,FALSE,FALSE,0,,
Cp - DI2 Function,400336,1,1,0,INT16,ABCD_BE,0,,0,,,FALSE,#00FF00,-100,#0000FF,100,#FF0000,FALSE,FALSE,0,,
Cp - Cond deal,400337,1,1,0,INT16,ABCD_BE,0,,0,,,FALSE,#00FF00,-100,#0000FF,100,#FF0000,FALSE,FALSE,0,,
Cp - Filter deal,400338,1,1,0,INT16,ABCD_BE,0,,0,,,FALSE,#00FF00,-100,#0000FF,100,#FF0000,FALSE,FALSE,0,,
Cp - ALarm Function,400339,1,1,0,INT16,ABCD_BE,0,,0,,,FALSE,#00FF00,-100,#0000FF,100,#FF0000,FALSE,FALSE,0,,
Cp - NTC2 Select,400340,1,1,0,INT16,ABCD_BE,0,,0,,,FALSE,#00FF00,-100,#0000FF,100,#FF0000,FALSE,FALSE,0,,
Cp - Heat Set,400341,1,1,0,INT16,ABCD_BE,0,,0,,,FALSE,#00FF00,-100,#0000FF,100,#FF0000,FALSE,FALSE,0,,
Cp - Water/Blower Sel,400342,1,1,0,INT16,ABCD_BE,0,,0,,,FALSE,#00FF00,-100,#0000FF,100,#FF0000,FALSE,FALSE,0,,
Cp - HP alarm display,400343,1,1,0,INT16,ABCD_BE,0,,0,,,FALSE,#00FF00,-100,#0000FF,100,#FF0000,FALSE,FALSE,0,,
Cp - Low load control,400344,1,1,0,INT16,ABCD_BE,0,,0,,,FALSE,#00FF00,-100,#0000FF,100,#FF0000,FALSE,FALSE,0,,
Cp - D06 Function,400345,1,1,0,INT16,ABCD_BE,0,,0,,,FALSE,#00FF00,-100,#0000FF,100,#FF0000,FALSE,FALSE,0,,
Cp - COM3 Function,400346,1,1,0,INT16,ABCD_BE,0,,0,,,FALSE,#00FF00,-100,#0000FF,100,#FF0000,FALSE,FALSE,0,,
Tr - Load Offset,400401,1,1,0,INT16,ABCD_BE,20,,20,,,FALSE,#00FF00,-100,#0000FF,100,#FF0000,FALSE,FALSE,0,,
Tr - Unload Offset,400402,1,1,0,INT16,ABCD_BE,0,,0,,,FALSE,#00FF00,-100,#0000FF,100,#FF0000,FALSE,FALSE,0,,
Tr - Slave Offset,400403,1,1,0,INT16,ABCD_BE,5,,5,,,FALSE,#00FF00,-100,#0000FF,100,#FF0000,FALSE,FALSE,0,,
Tr - Heat Offset,400405,1,1,0,INT16,ABCD_BE,50,,50,,,FALSE,#00FF00,-100,#0000FF,100,#FF0000,FALSE,FALSE,0,,
Tr - Cool Offset,400406,1,1,0,INT16,ABCD_BE,15,,15,,,FALSE,#00FF00,-100,#0000FF,100,#FF0000,FALSE,FALSE,0,,
Tr - Defrost Temp1,400407,1,1,0,INT16,ABCD_BE,-40,,-40,,,FALSE,#00FF00,-100,#0000FF,100,#FF0000,FALSE,FALSE,0,,
Tr - Defrost Temp2,400408,1,1,0,INT16,ABCD_BE,-60,,-60,,,FALSE,#00FF00,-100,#0000FF,100,#FF0000,FALSE,FALSE,0,,
Tr - Defrost Temp3,400409,1,1,0,INT16,ABCD_BE,-100,,-100,,,FALSE,#00FF00,-100,#0000FF,100,#FF0000,FALSE,FALSE,0,,
Tr - Exit Defrost,400410,1,0.100000001,0,INT16,ABCD_BE,15,,15,,,FALSE,#00FF00,-100,#0000FF,100,#FF0000,FALSE,FALSE,0,,
Tr - Exit Heat,400411,1,0.100000001,0,INT16,ABCD_BE,30,,30,,,FALSE,#00FF00,-100,#0000FF,100,#FF0000,FALSE,FALSE,0,,
Tr - Cool Water Set,400412,1,0.100000001,0,INT16,ABCD_BE,15,,15,,,FALSE,#00FF00,-100,#0000FF,100,#FF0000,FALSE,FALSE,0,,
Tr - Max of Set Temp,400413,1,0.100000001,0,INT16,ABCD_BE,40,,40,,,FALSE,#00FF00,-100,#0000FF,100,#FF0000,FALSE,FALSE,0,,
Tr - Min of Set Temp,400414,1,0.100000001,0,INT16,ABCD_BE,-5,,-5,,,FALSE,#00FF00,-100,#0000FF,100,#FF0000,FALSE,FALSE,0,,
Tr - Low Temp Alarm,400415,1,0.100000001,0,INT16,ABCD_BE,-8,,-8,,,FALSE,#00FF00,-100,#0000FF,100,#FF0000,FALSE,FALSE,0,,
Tr - High Temp Warn,400416,1,0.100000001,0,INT16,ABCD_BE,45,,45,,,FALSE,#00FF00,-100,#0000FF,100,#FF0000,FALSE,FALSE,0,,
Tr - High Temp Alarm,400417,1,0.100000001,0,INT16,ABCD_BE,55,,55,,,FALSE,#00FF00,-100,#0000FF,100,#FF0000,FALSE,FALSE,0,,
Tr - Warn Temp Reset,400418,1,0.100000001,0,INT16,ABCD_BE,5,,5,,,FALSE,#00FF00,-100,#0000FF,100,#FF0000,FALSE,FALSE,0,,
Tr - Cool Temp Alarm,400419,1,0.100000001,0,INT16,ABCD_BE,10,,10,,,FALSE,#00FF00,-100,#0000FF,100,#FF0000,FALSE,FALSE,0,,
Tr - Freeze Protect,400420,1,0.100000001,0,INT16,ABCD_BE,-8,,-8,,,FALSE,#00FF00,-100,#0000FF,100,#FF0000,FALSE,FALSE,0,,
Tr - Temp1 fixed,400422,1,1,0,INT16,ABCD_BE,0,,0,,,FALSE,#00FF00,-100,#0000FF,100,#FF0000,FALSE,FALSE,0,,
Tr - Temp2 fixed,400423,1,1,0,INT16,ABCD_BE,0,,0,,,FALSE,#00FF00,-100,#0000FF,100,#FF0000,FALSE,FALSE,0,,
Tr - T.Cool high Warn,400424,1,1,0,INT16,ABCD_BE,370,,370,,,FALSE,#00FF00,-100,#0000FF,100,#FF0000,FALSE,FALSE,0,,
Tr - T.Cool high Alarm,400425,1,1,0,INT16,ABCD_BE,400,,400,,,FALSE,#00FF00,-100,#0000FF,100,#FF0000,FALSE,FALSE,0,,
Tr - T.Env high Warn,400426,1,1,0,INT16,ABCD_BE,420,,420,,,FALSE,#00FF00,-100,#0000FF,100,#FF0000,FALSE,FALSE,0,,
Tr - T.Env high Alarm,400427,1,1,0,INT16,ABCD_BE,450,,450,,,FALSE,#00FF00,-100,#0000FF,100,#FF0000,FALSE,FALSE,0,,
Tr - 1#Vent high Warn,400428,1,1,0,INT16,ABCD_BE,950,,950,,,FALSE,#00FF00,-100,#0000FF,100,#FF0000,FALSE,FALSE,0,,
Tr - 1#Vent high Alarm,400429,1,1,0,INT16,ABCD_BE,1050,,1050,,,FALSE,#00FF00,-100,#0000FF,100,#FF0000,FALSE,FALSE,0,,
Tr - 2#Vent high Warn,400430,1,1,0,INT16,ABCD_BE,950,,950,,,FALSE,#00FF00,-100,#0000FF,100,#FF0000,FALSE,FALSE,0,,
Tr - 2#Vent high Alarm,400431,1,1,0,INT16,ABCD_BE,1050,,1050,,,FALSE,#00FF00,-100,#0000FF,100,#FF0000,FALSE,FALSE,0,,
Tr - 3#Vent high Warn,400432,1,1,0,INT16,ABCD_BE,950,,950,,,FALSE,#00FF00,-100,#0000FF,100,#FF0000,FALSE,FALSE,0,,
Tr - 3#Vent high Alarm,400433,1,1,0,INT16,ABCD_BE,1050,,1050,,,FALSE,#00FF00,-100,#0000FF,100,#FF0000,FALSE,FALSE,0,,
Tr - 4#Vent high Warn,400434,1,1,0,INT16,ABCD_BE,950,,950,,,FALSE,#00FF00,-100,#0000FF,100,#FF0000,FALSE,FALSE,0,,
Tr - 4#Vent high Alarm,400435,1,1,0,INT16,ABCD_BE,1050,,1050,,,FALSE,#00FF00,-100,#0000FF,100,#FF0000,FALSE,FALSE,0,,
Tr - Vent temp back,400436,1,1,0,INT16,ABCD_BE,100,,100,,,FALSE,#00FF00,-100,#0000FF,100,#FF0000,FALSE,FALSE,0,,
TR - 1#Gas in fixed,400439,1,1,0,INT16,ABCD_BE,0,,0,,,FALSE,#00FF00,-100,#0000FF,100,#FF0000,FALSE,FALSE,0,,
Tr - 1#Valve out fixed,400440,1,1,0,INT16,ABCD_BE,0,,0,,,FALSE,#00FF00,-100,#0000FF,100,#FF0000,FALSE,FALSE,0,,
Tr - 2#Gas in fixed,400441,1,1,0,INT16,ABCD_BE,0,,0,,,FALSE,#00FF00,-100,#0000FF,100,#FF0000,FALSE,FALSE,0,,
Tr - 2#Valve out fixed,400442,1,1,0,INT16,ABCD_BE,0,,0,,,FALSE,#00FF00,-100,#0000FF,100,#FF0000,FALSE,FALSE,0,,
Tr - Jetvalve Open Temp,400443,1,1,0,INT16,ABCD_BE,950,,950,,,FALSE,#00FF00,-100,#0000FF,100,#FF0000,FALSE,FALSE,0,,
Tr - Jetvalve Close Diff,400444,1,1,0,INT16,ABCD_BE,50,,50,,,FALSE,#00FF00,-100,#0000FF,100,#FF0000,FALSE,FALSE,0,,
Tr - Low load start value,400445,1,1,0,INT16,ABCD_BE,10,,10,,,FALSE,#00FF00,-100,#0000FF,100,#FF0000,FALSE,FALSE,0,,
Tr - Low load end value,400446,1,1,0,INT16,ABCD_BE,23,,23,,,FALSE,#00FF00,-100,#0000FF,100,#FF0000,FALSE,FALSE,0,,
Tr - Mode conver.temp.diff1,400447,1,1,0,INT16,ABCD_BE,50,,50,,,FALSE,#00FF00,-100,#0000FF,100,#FF0000,FALSE,FALSE,0,,
Tr - Comp. starting temp.,400448,1,1,0,INT16,ABCD_BE,-150,,-150,,,FALSE,#00FF00,-100,#0000FF,100,#FF0000,FALSE,FALSE,0,,
Tp - Pump on delay,400501,1,1,0,INT16,ABCD_BE,10,,10,,,FALSE,#00FF00,-100,#0000FF,100,#FF0000,FALSE,FALSE,0,,
Tp - Cool on delay,400502,1,1,0,INT16,ABCD_BE,10,,10,,,FALSE,#00FF00,-100,#0000FF,100,#FF0000,FALSE,FALSE,0,,
Tp - Capacity control,400503,1,1,0,INT16,ABCD_BE,10,,10,,,FALSE,#00FF00,-100,#0000FF,100,#FF0000,FALSE,FALSE,0,,
Tp -Comp protect,400504,1,1,0,INT16,ABCD_BE,120,,120,,,FALSE,#00FF00,-100,#0000FF,100,#FF0000,FALSE,FALSE,0,,
Tp - Input stable,400505,1,1,0,INT16,ABCD_BE,10,,10,,,FALSE,#00FF00,-100,#0000FF,100,#FF0000,FALSE,FALSE,0,,
Tp - W.flow stab,400507,1,1,0,INT16,ABCD_BE,10,,10,,,FALSE,#00FF00,-100,#0000FF,100,#FF0000,FALSE,FALSE,0,,
Tp - LP detect dly,400508,1,1,0,INT16,ABCD_BE,10,,10,,,FALSE,#00FF00,-100,#0000FF,100,#FF0000,FALSE,FALSE,0,,
Tp - LP stable,400509,1,1,0,INT16,ABCD_BE,10,,10,,,FALSE,#00FF00,-100,#0000FF,100,#FF0000,FALSE,FALSE,0,,
Tp - Defrost Time,400510,1,1,0,INT16,ABCD_BE,60,,60,,,FALSE,#00FF00,-100,#0000FF,100,#FF0000,FALSE,FALSE,0,,
Tp - Comp shift,400511,1,1,0,INT16,ABCD_BE,0,,0,,,FALSE,#00FF00,-100,#0000FF,100,#FF0000,FALSE,FALSE,0,,
Tp - Comp.I avoid,400512,1,1,0,INT16,ABCD_BE,20,,20,,,FALSE,#00FF00,-100,#0000FF,100,#FF0000,FALSE,FALSE,0,,
Tp - 2#Comp.I avoid,400513,1,1,0,INT16,ABCD_BE,8,,8,,,FALSE,#00FF00,-100,#0000FF,100,#FF0000,FALSE,FALSE,0,,
Tp - Pump. I avoid,400514,1,1,0,INT16,ABCD_BE,8,,8,,,FALSE,#00FF00,-100,#0000FF,100,#FF0000,FALSE,FALSE,0,,
Tp - Cool. I avoid,400515,1,1,0,INT16,ABCD_BE,8,,8,,,FALSE,#00FF00,-100,#0000FF,100,#FF0000,FALSE,FALSE,0,,
Tp - Pump Run Limit,400516,1,1,0,INT16,ABCD_BE,0,,0,,,FALSE,#00FF00,-100,#0000FF,100,#FF0000,FALSE,FALSE,0,,
Tp - Comp Off Delay,400517,1,1,0,INT16,ABCD_BE,0,,0,,,FALSE,#00FF00,-100,#0000FF,100,#FF0000,FALSE,FALSE,0,,
Tp - Comp Run Limit,400518,1,1,0,INT16,ABCD_BE,0,,0,,,FALSE,#00FF00,-100,#0000FF,100,#FF0000,FALSE,FALSE,0,,
Tp - Delay off time,400519,1,1,0,INT16,ABCD_BE,50,,50,,,FALSE,#00FF00,-100,#0000FF,100,#FF0000,FALSE,FALSE,0,,
Tp - V.Oil space time,400520,1,1,0,INT16,ABCD_BE,60,,60,,,FALSE,#00FF00,-100,#0000FF,100,#FF0000,FALSE,FALSE,0,,
Tp - V.Oil open time,400521,1,1,0,INT16,ABCD_BE,60,,60,,,FALSE,#00FF00,-100,#0000FF,100,#FF0000,FALSE,FALSE,0,,
Tp - V.Off comp run,400522,1,1,0,INT16,ABCD_BE,30,,30,,,FALSE,#00FF00,-100,#0000FF,100,#FF0000,FALSE,FALSE,0,,
Tp - Defrost out time,400523,1,1,0,INT16,ABCD_BE,5,,5,,,FALSE,#00FF00,-100,#0000FF,100,#FF0000,FALSE,FALSE,0,,
Tp - 3#Comp.I avoid,400524,1,1,0,INT16,ABCD_BE,8,,8,,,FALSE,#00FF00,-100,#0000FF,100,#FF0000,FALSE,FALSE,0,,
Tp - 4#Comp.I avoid,400525,1,1,0,INT16,ABCD_BE,8,,8,,,FALSE,#00FF00,-100,#0000FF,100,#FF0000,FALSE,FALSE,0,,
Tp - MAX na.cooling time,400526,1,1,0,INT16,ABCD_BE,60,,60,,,FALSE,#00FF00,-100,#0000FF,100,#FF0000,FALSE,FALSE,0,,
Iop - Cold Flow,400601,1,1,0,INT16,ABCD_BE,1,,1,,,FALSE,#00FF00,-100,#0000FF,100,#FF0000,FALSE,FALSE,0,,
Iop - Level Switch,400602,1,1,0,INT16,ABCD_BE,0,,0,,,FALSE,#00FF00,-100,#0000FF,100,#FF0000,FALSE,FALSE,0,,
Iop - HP Switch,400603,1,1,0,INT16,ABCD_BE,1,,1,,,FALSE,#00FF00,-100,#0000FF,100,#FF0000,FALSE,FALSE,0,,
Iop - LP Switch,400604,1,1,0,INT16,ABCD_BE,1,,1,,,FALSE,#00FF00,-100,#0000FF,100,#FF0000,FALSE,FALSE,0,,
Iop - Comp Overload,400605,1,1,0,INT16,ABCD_BE,0,,0,,,FALSE,#00FF00,-100,#0000FF,100,#FF0000,FALSE,FALSE,0,,
Iop - Cold Overload,400606,1,1,0,INT16,ABCD_BE,0,,0,,,FALSE,#00FF00,-100,#0000FF,100,#FF0000,FALSE,FALSE,0,,
Iop - Cool Overload,400607,1,1,0,INT16,ABCD_BE,0,,0,,,FALSE,#00FF00,-100,#0000FF,100,#FF0000,FALSE,FALSE,0,,
Iop - Cool Flow,400608,1,1,0,INT16,ABCD_BE,0,,0,,,FALSE,#00FF00,-100,#0000FF,100,#FF0000,FALSE,FALSE,0,,
Iop - Phase Switch,400609,1,1,0,INT16,ABCD_BE,1,,1,,,FALSE,#00FF00,-100,#0000FF,100,#FF0000,FALSE,FALSE,0,,
Iop - PH Switch,400610,1,1,0,INT16,ABCD_BE,0,,0,,,FALSE,#00FF00,-100,#0000FF,100,#FF0000,FALSE,FALSE,0,,
Iop - Board Opt,400611,1,1,0,INT16,ABCD_BE,0,,0,,,FALSE,#00FF00,-100,#0000FF,100,#FF0000,FALSE,FALSE,0,,
Iop - 3#Gas in fixed,400612,1,1,0,INT16,ABCD_BE,0,,0,,,FALSE,#00FF00,-100,#0000FF,100,#FF0000,FALSE,FALSE,0,,
Iop - 3#Valve out fixed,400613,1,1,0,INT16,ABCD_BE,0,,0,,,FALSE,#00FF00,-100,#0000FF,100,#FF0000,FALSE,FALSE,0,,
Iop - 4#Gas in fixed,400614,1,1,0,INT16,ABCD_BE,0,,0,,,FALSE,#00FF00,-100,#0000FF,100,#FF0000,FALSE,FALSE,0,,
Iop - 4#Valve out fixed,400615,1,1,0,INT16,ABCD_BE,0,,0,,,FALSE,#00FF00,-100,#0000FF,100,#FF0000,FALSE,FALSE,0,,
EEV - Valve Use,400701,1,1,0,INT16,ABCD_BE,1,,1,,,FALSE,#00FF00,-100,#0000FF,100,#FF0000,FALSE,FALSE,0,,
EEV - Motor type,400702,1,1,0,INT16,ABCD_BE,0,,0,,,FALSE,#00FF00,-100,#0000FF,100,#FF0000,FALSE,FALSE,0,,
EEV - Motor Hz,400703,1,1,0,INT16,ABCD_BE,0,,0,,,FALSE,#00FF00,-100,#0000FF,100,#FF0000,FALSE,FALSE,0,,
EEV - Total step,400704,1,1,0,INT16,ABCD_BE,500,,500,,,FALSE,#00FF00,-100,#0000FF,100,#FF0000,FALSE,FALSE,0,,
EEV - Zero Open %,400705,1,1,0,INT16,ABCD_BE,100,,100,,,FALSE,#00FF00,-100,#0000FF,100,#FF0000,FALSE,FALSE,0,,
EEV - Min Open %,400706,1,1,0,INT16,ABCD_BE,20,,20,,,FALSE,#00FF00,-100,#0000FF,100,#FF0000,FALSE,FALSE,0,,
EEV - Idle Open %,400707,1,1,0,INT16,ABCD_BE,80,,80,,,FALSE,#00FF00,-100,#0000FF,100,#FF0000,FALSE,FALSE,0,,
EEV - Init Open time (Sec),400708,1,1,0,INT16,ABCD_BE,30,,30,,,FALSE,#00FF00,-100,#0000FF,100,#FF0000,FALSE,FALSE,0,,
EEV - Init Open %,400710,1,1,0,INT16,ABCD_BE,80,,80,,,FALSE,#00FF00,-100,#0000FF,100,#FF0000,FALSE,FALSE,0,,
EEV - Cold Superheat1,400711,1,0.100000001,0,INT16,ABCD_BE,5,,5,,,FALSE,#00FF00,-100,#0000FF,100,#FF0000,FALSE,FALSE,0,,
EEV - Cold Superheat2,400712,1,0.100000001,0,INT16,ABCD_BE,4,,4,,,FALSE,#00FF00,-100,#0000FF,100,#FF0000,FALSE,FALSE,0,,
EEV - Heat Superheat1,400713,1,0.100000001,0,INT16,ABCD_BE,3,,3,,,FALSE,#00FF00,-100,#0000FF,100,#FF0000,FALSE,FALSE,0,,
EEV - Heat Superheat2,400714,1,0.100000001,0,INT16,ABCD_BE,2,,2,,,FALSE,#00FF00,-100,#0000FF,100,#FF0000,FALSE,FALSE,0,,
EEV - Heat Superheat3,400715,1,0.100000001,0,INT16,ABCD_BE,0,,0,,,FALSE,#00FF00,-100,#0000FF,100,#FF0000,FALSE,FALSE,0,,
EEV - Heat Superheat4,400716,1,0.100000001,0,INT16,ABCD_BE,-1.5,,-1.5,,,FALSE,#00FF00,-100,#0000FF,100,#FF0000,FALSE,FALSE,0,,
EEV - Cold turn temp,400717,1,1,0,INT16,ABCD_BE,0,,0,,,FALSE,#00FF00,-100,#0000FF,100,#FF0000,FALSE,FALSE,0,,
EEV - Heat turn temp1,400718,1,1,0,INT16,ABCD_BE,23,,23,,,FALSE,#00FF00,-100,#0000FF,100,#FF0000,FALSE,FALSE,0,,
EEV - Heat turn temp2,400719,1,1,0,INT16,ABCD_BE,8,,8,,,FALSE,#00FF00,-100,#0000FF,100,#FF0000,FALSE,FALSE,0,,
EEV - Heat turn temp3,400720,1,1,0,INT16,ABCD_BE,0,,0,,,FALSE,#00FF00,-100,#0000FF,100,#FF0000,FALSE,FALSE,0,,
EEV - Max Valve temp ,400721,1,1,0,INT16,ABCD_BE,18,,18,,,FALSE,#00FF00,-100,#0000FF,100,#FF0000,FALSE,FALSE,0,,
EEV - pid type,400731,1,1,0,INT16,ABCD_BE,0,,0,,,FALSE,#00FF00,-100,#0000FF,100,#FF0000,FALSE,FALSE,0,,
EEV - Proportion,400732,1,1,0,INT16,ABCD_BE,500,,500,,,FALSE,#00FF00,-100,#0000FF,100,#FF0000,FALSE,FALSE,0,,
EEV - Integral (Sec),400733,1,1,0,INT16,ABCD_BE,120,,120,,,FALSE,#00FF00,-100,#0000FF,100,#FF0000,FALSE,FALSE,0,,
EEV - Differential (Sec),400734,1,1,0,INT16,ABCD_BE,4,,4,,,FALSE,#00FF00,-100,#0000FF,100,#FF0000,FALSE,FALSE,0,,
EEV - Action cycle (Sec),400735,1,1,0,INT16,ABCD_BE,8,,8,,,FALSE,#00FF00,-100,#0000FF,100,#FF0000,FALSE,FALSE,0,,
EEV - Cal period (Sec),400736,1,0.100000001,0,INT16,ABCD_BE,0.8,,0.8,,,FALSE,#00FF00,-100,#0000FF,100,#FF0000,FALSE,FALSE,0,,
EEV - Deviation,400737,1,0.100000001,0,INT16,ABCD_BE,1,,1,,,FALSE,#00FF00,-100,#0000FF,100,#FF0000,FALSE,FALSE,0,,
EEV - Change rate,400738,1,0.100000001,0,INT16,ABCD_BE,1,,1,,,FALSE,#00FF00,-100,#0000FF,100,#FF0000,FALSE,FALSE,0,,
EEV - step rate,400739,1,0.100000001,0,INT16,ABCD_BE,1,,1,,,FALSE,#00FF00,-100,#0000FF,100,#FF0000,FALSE,FALSE,0,,
EEV - JetValve Motor type,400740,1,1,0,INT16,ABCD_BE,0,,0,,,FALSE,#00FF00,-100,#0000FF,100,#FF0000,FALSE,FALSE,0,,
EEV - JetValve Motor Hz,400741,1,1,0,INT16,ABCD_BE,0,,0,,,FALSE,#00FF00,-100,#0000FF,100,#FF0000,FALSE,FALSE,0,,
EEV - JetValve Total step,400742,1,1,0,INT16,ABCD_BE,480,,480,,,FALSE,#00FF00,-100,#0000FF,100,#FF0000,FALSE,FALSE,0,,
Pd - mA1 Use,400801,1,1,0,INT16,ABCD_BE,2,,2,,,FALSE,#00FF00,-100,#0000FF,100,#FF0000,FALSE,FALSE,0,,
Pd - Cold/Low 20mA,400802,1,1,0,INT16,ABCD_BE,200,,200,,,FALSE,#00FF00,-100,#0000FF,100,#FF0000,FALSE,FALSE,0,,
Pd - Cold/Low 4mA,400803,1,1,0,INT16,ABCD_BE,0,,0,,,FALSE,#00FF00,-100,#0000FF,100,#FF0000,FALSE,FALSE,0,,
Pd - Cold/Low high,400804,1,1,0,INT16,ABCD_BE,70,,70,,,FALSE,#00FF00,-100,#0000FF,100,#FF0000,FALSE,FALSE,0,,
Pd - AL high back,400805,1,1,0,INT16,ABCD_BE,3,,3,1,0,FALSE,ABCD_BE,0,#0000FF,0,#FF0000,FALSE,FALSE,0,,
Pd - Cold/Low L.AL,400806,1,1,0,INT16,ABCD_BE,0,,0,,,FALSE,#00FF00,-100,#0000FF,100,#FF0000,FALSE,FALSE,0,,
Pd - AL Low back,400807,1,1,0,INT16,ABCD_BE,0,,0,,,FALSE,#00FF00,-100,#0000FF,100,#FF0000,FALSE,FALSE,0,,
Pd - Cond Press UP Limit,400808,1,1,0,INT16,ABCD_BE,22,,22,,,FALSE,#00FF00,-100,#0000FF,100,#FF0000,FALSE,FALSE,0,,
Pd - Cond Press DOWN Limit,400809,1,1,0,INT16,ABCD_BE,16,,16,,,FALSE,#00FF00,-100,#0000FF,100,#FF0000,FALSE,FALSE,0,,
Pd - mA2 Use1 ,400810,1,1,0,INT16,ABCD_BE,3,,3,,,FALSE,#00FF00,-100,#0000FF,100,#FF0000,FALSE,FALSE,0,,
Pd - Cool/Nor 20mA,400811,1,1,0,INT16,ABCD_BE,200,,200,,,FALSE,#00FF00,-100,#0000FF,100,#FF0000,FALSE,FALSE,0,,
Pd - Cool/Nor 4mA,400812,1,1,0,INT16,ABCD_BE,0,,0,,,FALSE,#00FF00,-100,#0000FF,100,#FF0000,FALSE,FALSE,0,,
Pd - Cool/Nor high,400813,1,1,0,INT16,ABCD_BE,70,,70,,,FALSE,#00FF00,-100,#0000FF,100,#FF0000,FALSE,FALSE,0,,
Pd - AL high back,400814,1,1,0,INT16,ABCD_BE,3,,3,,,FALSE,#00FF00,-100,#0000FF,100,#FF0000,FALSE,FALSE,0,,
Pd - Cool/Nor L.AL,400815,1,1,0,INT16,ABCD_BE,0,,0,,,FALSE,#00FF00,-100,#0000FF,100,#FF0000,FALSE,FALSE,0,,
Pd - AL Low back,400816,1,1,0,INT16,ABCD_BE,0,,0,,,FALSE,#00FF00,-100,#0000FF,100,#FF0000,FALSE,FALSE,0,,
Pd - CoolFan Up Speed,400817,1,1,0,INT16,ABCD_BE,100,,100,,,FALSE,#00FF00,-100,#0000FF,100,#FF0000,FALSE,FALSE,0,,
Pd - CoolFan Down Speed,400818,1,1,0,INT16,ABCD_BE,30,,30,,,FALSE,#00FF00,-100,#0000FF,100,#FF0000,FALSE,FALSE,0,,
Pd - HP ALarm,400819,1,1,0,INT16,ABCD_BE,450,,450,,,FALSE,#00FF00,-100,#0000FF,100,#FF0000,FALSE,FALSE,0,,
Pd - HP Alarm back,400820,1,1,0,INT16,ABCD_BE,50,,50,,,FALSE,#00FF00,-100,#0000FF,100,#FF0000,FALSE,FALSE,0,,
Pd - Dewpoint fixed,400821,1,1,0,INT16,ABCD_BE,0,,0,,,FALSE,#00FF00,-100,#0000FF,100,#FF0000,FALSE,FALSE,0,,
Pd - Dewpoint 20mA,400822,1,1,0,INT16,ABCD_BE,500,,500,,,FALSE,#00FF00,-100,#0000FF,100,#FF0000,FALSE,FALSE,0,,
Pd - Dewpoint 4mA,400823,1,1,0,INT16,ABCD_BE,-500,,-500,,,FALSE,#00FF00,-100,#0000FF,100,#FF0000,FALSE,FALSE,0,,
Pd - Dewpoint high AL,400824,1,1,0,INT16,ABCD_BE,300,,300,,,FALSE,#00FF00,-100,#0000FF,100,#FF0000,FALSE,FALSE,0,,
Pd - AL high back,400825,1,1,0,INT16,ABCD_BE,10,,10,,,FALSE,#00FF00,-100,#0000FF,100,#FF0000,FALSE,FALSE,0,,
Pd - Dewpoint Low AL,400826,1,1,0,INT16,ABCD_BE,100,,100,,,FALSE,#00FF00,-100,#0000FF,100,#FF0000,FALSE,FALSE,0,,
Pd - AL Low back,400827,1,1,0,INT16,ABCD_BE,10,,10,,,FALSE,#00FF00,-100,#0000FF,100,#FF0000,FALSE,FALSE,0,,
Pd - Press Sensor Range,400832,1,1,0,INT16,ABCD_BE,50,,50,,,FALSE,#00FF00,-100,#0000FF,100,#FF0000,FALSE,FALSE,0,,
Fp - Cold/Low ,400901,1,1,0,INT16,ABCD_BE,0,,0,,,FALSE,#00FF00,-100,#0000FF,100,#FF0000,FALSE,FALSE,0,,
Fp - Cold/Low type,400902,1,1,0,INT16,ABCD_BE,0,,0,,,FALSE,#00FF00,-100,#0000FF,100,#FF0000,FALSE,FALSE,0,,
Fp - Cold/Low fixed,400903,1,1,0,INT16,ABCD_BE,0,,0,,,FALSE,#00FF00,-100,#0000FF,100,#FF0000,FALSE,FALSE,0,,
Fp - Cold/Low Low,400904,1,1,0,INT16,ABCD_BE,150,,150,,,FALSE,#00FF00,-100,#0000FF,100,#FF0000,FALSE,FALSE,0,,
Fp - Cold/Low back,400905,1,1,0,INT16,ABCD_BE,10,,10,,,FALSE,#00FF00,-100,#0000FF,100,#FF0000,FALSE,FALSE,0,,
Fp - Cool/Nor,400908,1,1,0,INT16,ABCD_BE,0,,0,,,FALSE,#00FF00,-100,#0000FF,100,#FF0000,FALSE,FALSE,0,,
Fp - Cool/Nor type,400909,1,1,0,INT16,ABCD_BE,0,,0,,,FALSE,#00FF00,-100,#0000FF,100,#FF0000,FALSE,FALSE,0,,
Fp - Cool/Nor fixed,400910,1,1,0,INT16,ABCD_BE,0,,0,,,FALSE,#00FF00,-100,#0000FF,100,#FF0000,FALSE,FALSE,0,,
Fp - Cool/Nor Low,400911,1,1,0,INT16,ABCD_BE,150,,150,,,FALSE,#00FF00,-100,#0000FF,100,#FF0000,FALSE,FALSE,0,,
Fp - Cool/Nor back,400912,1,1,0,INT16,ABCD_BE,10,,10,,,FALSE,#00FF00,-100,#0000FF,100,#FF0000,FALSE,FALSE,0,,
Cp -Cond Use,401001,1,1,0,INT16,ABCD_BE,0,,0,,,FALSE,#00FF00,-100,#0000FF,100,#FF0000,FALSE,FALSE,0,,
Cp - Cond High,401002,1,1,0,INT16,ABCD_BE,600,,600,,,FALSE,#00FF00,-100,#0000FF,100,#FF0000,FALSE,FALSE,0,,
Cp - Cond High back,401003,1,1,0,INT16,ABCD_BE,100,,100,,,FALSE,#00FF00,-100,#0000FF,100,#FF0000,FALSE,FALSE,0,,
Cp - Cond Low,401004,1,1,0,INT16,ABCD_BE,100,,100,,,FALSE,#00FF00,-100,#0000FF,100,#FF0000,FALSE,FALSE,0,,
Cp - Cond Low back,401005,1,1,0,INT16,ABCD_BE,100,,100,,,FALSE,#00FF00,-100,#0000FF,100,#FF0000,FALSE,FALSE,0,,
